name,slug,language,url,provider,description
Green Digital Certificate,green-digital-certificate,en,https://greendigitalcertificate.inco-group.co,inco-academy,
IFGICT Green IT Certification,ifgict-green-it-certification,en,https://ifgict.org/green-it-certification,ifgict,
Postgraduate Certificate in Green Software Engineering,postgraduate-certificate-in-green-software-engineering,en,https://www.lsib.co.uk/courses/course/postgraduate-certificate-in-green-software-engineering-2752329,london-school-of-international-business,
Green Coding Training Courses,green-coding-training-courses,en,https://www.green-coding.io/services/workshops-and-trainings,green-coding-solutions-gmbh,
Driving Digital Sustainability,driving-digital-sustainability,en,https://www.jisc.ac.uk/training/driving-digital-sustainability,jisc,
Carbon Literacy,carbon-literacy,en,https://carbonliteracy.com/become-carbon-literate,the-carbon-literacy-trust,
Responsible AI Risk Register,responsible-ai-risk-register,en,https://github.com/jshng-glasgow/Responsible-AI-Risk-Register,institute-for-research-software,"A community-maintained register of risks associated with the use of AI in Research Software Engineering, maintained by the Institute for Research Software's Responsible AI Study Group."
SPARKHub Training and Guidance,sparkhub-training-and-guidance,en,https://sparkhub.eu/training-and-guidance/,sparkhub,
Principles of Sustainable Software Engineering,principles-of-sustainable-software-engineering,en,https://learn.microsoft.com/en-us/training/modules/sustainable-software-engineering-overview/,microsoft-learn,
Green Software use on HPC,green-software-use-on-hpc,en,https://carpentries-incubator.github.io/green-software-hpc/,the-carpentries,
The Software Organisational Framework for Technology,the-software-organisational-framework-for-technology,en,http://grnsft.org/mov-plat-soft-essentials,green-software-foundation,
Green Software Practitioner,green-software-practitioner,en,https://learn.greensoftware.foundation/,green-software-foundation,
Sustainable Computing in Science,sustainable-computing-in-science,en,https://www.ebi.ac.uk/training/online/courses/sustainable-computing-in-science/,embl-ebi,
Advocacy for Sustainable Research,advocacy-for-sustainable-research,en,https://kirstypringle.github.io/advocacy-for-sustainable-research/,institute-for-research-software,
Exploring the Experiences of Marginalised Groups in Research Software Careers: Preliminary Findings,exploring-the-experiences-of-marginalised-groups-in-research-software-careers-preliminary-findings,en,https://doi.org/10.71535/fb0b1101-0202-4250-8309-6f57cb82b99e,institute-for-research-software,"Report on how experiences of discrimination influence career decisions; how precarity in UK academia shapes career and
professional identity; and how confidence in RSE skills is a protective factor in the workplace"
"Equity, Diversity, Inclusivity and Accessibility in Research Software Engineering: Guidelines for Making a Difference",equity-diversity-inclusivity-and-accessibility-in-research-software-engineering-guidelines-for-making-a-difference,en,https://doi.org/10.71535/1be8e290-4f1c-48d4-b58c-edf4db1047b3,institute-for-research-software,"Report sharing background on the author's research with members of the UK RSE community with marginalised identities, outlining components and criticisms of EDIA initiatives, and offering approaches they believe most likely to lead to improved equity in RSE specifically and in Science, Technology, Engineering and Mathematics (STEM) more broadly."
Research Community Management 101 - Part Two - Video Recording,research-community-management-101-part-two-video-recording,en,https://youtu.be/Nz2A_O_XSPQ,rcm-cooperative,"Public recording of Research Community Management 101 - Part Two, covering community maturation and engagement strategies, from planning participation levels to mapping your community and prioritising next steps for sustainable growth"
Research Community Management 101 - Part One - Video Recording,research-community-management-101-part-one-video-recording,en,https://youtu.be/2DOujzudzB4,rcm-cooperative,"Public recording of Research Community Management 101 - Part One, covering the foundations of research community management, including key roles, skills frameworks, and a reflective activity to map your own competencies and those of your community"
Research Community Management 101 - Part One & Part Two - Presentation,research-community-management-101-part-one-part-two-presentation,en,https://zenodo.org/records/20128621,rcm-cooperative,Slides for RCM 101 Part One and Part Two sessions
Open Leadership in Practice: building open initiatives - Presentation,open-leadership-in-practice-building-open-initiatives-presentation,en,https://doi.org/10.5281/zenodo.20642495,ols,"Slides from Open Leadership in Practice session, including reflections by Seun Olufemi on building Bioinformatics Outreach Nigeria"
Open Leadership in Practice - Video Recording,open-leadership-in-practice-video-recording,en,https://youtu.be/ZkLhWx4W-nY,ols,"Public recording of Leadership in Practice session, including reflections by Sarah Gibson and Seun Olufemi"
Tools for Open Collaboration: Contribution Guidelines and CoC - Video Recording,tools-for-open-collaboration-contribution-guidelines-and-coc-video-recording,en,https://youtu.be/ufE9XyDoQDs,ols,"Public recording, covering ways to develop Contribution Guidelines for an open project and how to define and use a Code of Conduct for Open Collaboration"
Tools for Open Collaboration: Contribution Guidelines and CoC - Presentation,tools-for-open-collaboration-contribution-guidelines-and-coc-presentation,en,https://doi.org/10.5281/zenodo.20146883,ols,"Tools for Open Collaboration slides, covering ways to develop Contribution Guidelines for an open project and how to define and use a Code of Conduct for Open Collaboration"
Tools for Open Collaboration: Licences & READMEs - Video Recording,tools-for-open-collaboration-licences-readmes-video-recording,en,https://youtu.be/OkK2TDnFwc8,ols,"Public recording of Tools for Open Collaboration, covering different licences types and how to prepare a READme for your own project"
Tools for Open Collaboration: Licences & READMEs - Presentation,tools-for-open-collaboration-licences-readmes-presentation,en,https://doi.org/10.5281/zenodo.20155912,ols,"Tools for Open Collaboration slides, covering different licences types and how to prepare a READme for your own project"
Tooling for Project Design - Video Recording,tooling-for-project-design-video-recording,en,https://youtu.be/Fvltq5zwByo,ols,"Public recording for Tooling for Project Design session, covering Open Canvas and roadmapping techniques for project management"
Tooling for Project Design - Presentation,tooling-for-project-design-presentation,en,https://doi.org/10.5281/zenodo.20921729,ols,"Presentation slides for Tooling for Project Design session, covering Open Canvas and roadmapping techniques for project management"
Open Science Essentials - Presentation,open-science-essentials-presentation,en,https://doi.org/10.5281/zenodo.20920869,ols,"Presentation slides for Open Science session, covering an introduction to Open Science definitions and frameworks, Open Data work and introduction to FAIR Data"
Open Science Essentials - Video Recording,open-science-essentials-video-recording,en,https://youtu.be/8lZCuOMOGHw,ols,"Public recording for Open Science session, covering an introduction to Open Science definitions and frameworks, Open Data work and introduction to FAIR Data"
What is Open Source Software (OSS)?,what-is-open-source-software-oss,en,https://github.com/resources/articles/what-is-open-source-software,github,
What is Authorization and Access Control?,what-is-authorization-and-access-control,en,https://www.icann.org/en/blogs/details/what-is-authorization-and-access-control-2-12-2015-en,,
What are Metadata Standards - DCC,what-are-metadata-standards-dcc,en,https://www.dcc.ac.uk/guidance/briefing-papers/standards-watch-papers/what-are-metadata-standards,dcc,
WebAIM Accessibility Resources,webaim-accessibility-resources,en,https://webaim.org/articles/,webaim,
Version Control with Git,version-control-with-git,en,https://swcarpentry.github.io/git-novice,software-carpentry,
Version Control for Data - The Turing Way,version-control-for-data-the-turing-way,en,https://book.the-turing-way.org/reproducible-research/vcs/vcs-data/,the-turing-way,
Version Control - The Turing Way,version-control-the-turing-way,en,https://book.the-turing-way.org/reproducible-research/vcs/,the-turing-way,
Using Databases and SQL,using-databases-and-sql,en,https://swcarpentry.github.io/sql-novice-survey,software-carpentry,
University of Manchester internal Agile/Scrum course (work in progress),university-of-manchester-internal-agilescrum-course-work-in-progress,en,https://research-it.manchester.ac.uk/news/2024/02/16/agile-methods-for-rses/,the-university-of-manchester,
Understanding neurodiversity,understanding-neurodiversity,en,https://www.acas.org.uk/neurodiversity-at-work,acas,
UKRI's guide to applying for funding,ukris-guide-to-applying-for-funding,en,https://www.ukri.org/apply-for-funding/,uk-research-and-innovation-ukri,
UK research funding model,uk-research-funding-model,en,https://www.universitiesuk.ac.uk/what-we-do/policy-and-research/publications/features/research-and-innovation-facts-and/funding,,
Tuesday Tools & Techniques for High Performance Computing,tuesday-tools-techniques-for-high-performance-computing,en,https://scicomp.aalto.fi/training/scip/ttt4hpc-2024/,coderefinery,
TLDRLegal,tldrlegal,en,https://www.tldrlegal.com/,tldrlegal,
Tidy Data for Librarians,tidy-data-for-librarians,en,https://librarycarpentry.github.io/lc-spreadsheets/,library-carpentry,
The Unix Shell - Software Carpentry,the-unix-shell-software-carpentry,en,https://swcarpentry.github.io/shell-novice/,software-carpentry,
The Unix Shell - Library Carpentry,the-unix-shell-library-carpentry,en,https://librarycarpentry.github.io/lc-shell/,library-carpentry,
The Turing Way handbook,the-turing-way-handbook,en,https://book.the-turing-way.org/community-handbook/community-handbook/,the-turing-way,
The FAIR Principles - The Turing Way,the-fair-principles-the-turing-way,en,https://book.the-turing-way.org/reproducible-research/rdm/rdm-fair/,the-turing-way,
The Culture Map by Erin Meyer,the-culture-map-by-erin-meyer,en,https://erinmeyer.com/books/the-culture-map/,erin-meyer,
The benefits of mindfulness and five common myths surrounding it,the-benefits-of-mindfulness-and-five-common-myths-surrounding-it,en,https://www.open.edu/openlearn/health-sports-psychology/mental-health/the-benefits-mindfulness-and-five-common-myths-surrounding-it,open-university,
The Art of Multiprocessor Programming,the-art-of-multiprocessor-programming,en,https://www.cs.sfu.ca/~ashriram/Courses/CS431/assets/distrib/AMP.pdf,,
Thanks for the Feedback,thanks-for-the-feedback,en,https://www.stoneandheen.com/thanks-feedback,stone-and-heen,
Teaching tech together,teaching-tech-together,en|es,https://teachtogether.tech/,greg-wilson,
Task Management for Humans as Self Care: Summary and Setup,task-management-for-humans-as-self-care-summary-and-setup,en,https://carpentries-incubator.github.io/task-management/,the-carpentries,
Task management (Wikipedia),task-management-wikipedia,en,https://en.wikipedia.org/wiki/Task_management,wikipedia,
SQL,sql,en,https://librarycarpentry.github.io/lc-sql/,library-carpentry,
Social Media for Research Communications — The Turing Way,social-media-for-research-communications-the-turing-way,en,https://book.the-turing-way.org/communication/social-media,the-turing-way,
Social coding and open software,social-coding-and-open-software,en,https://coderefinery.github.io/social-coding/,coderefinery,
Shared documents and constructive collaboration,shared-documents-and-constructive-collaboration,en,https://www.open.edu/openlearn/education-development/shared-documents-and-constructive-collaboration,open-university,
Scientific Python Development Guide,scientific-python-development-guide,en,https://learn.scientific-python.org/development/,scientific-python-library-development-guide,
RSQKit,rsqkit,en,https://everse.software/RSQKit/,everse,
rOpenSci packages,ropensci-packages,en,https://devguide.ropensci.org/,ropensci,
Research Software Engineering Sheffield - Deep Learning,research-software-engineering-sheffield-deep-learning,en,https://rse.shef.ac.uk/training/deeplearning/,university-of-sheffield,
Research Software Alliance (ReSA),research-software-alliance-resa,en,https://www.researchsoft.org/resource/resa-resources/,,
Reproducible research software development using Python (using ML example),reproducible-research-software-development-using-python-using-ml-example,en,https://coderefinery.github.io/reproducible-python-ml/,coderefinery,
Reproducible research software development using Python,reproducible-research-software-development-using-python,en,https://coderefinery.github.io/reproducible-python/,coderefinery,
Reproducible research,reproducible-research,en,https://coderefinery.github.io/reproducible-research/,coderefinery,
Reference Management: a Practical Guide,reference-management-a-practical-guide,en,https://subjectguides.york.ac.uk/reference-management/intro,university-of-york,
RedHat Open Source Project Health Checklist,redhat-open-source-project-health-checklist,en,https://www.redhat.com/en/resources/open-source-project-health-checklist,redhat,
RedHat Cluster Suite,redhat-cluster-suite,en,https://docs.redhat.com/en/documentation/red_hat_enterprise_linux/5/html/cluster_suite_overview/index,redhat,
RDMkit,rdmkit,en,https://rdmkit.elixir-europe.org/,elixir-europe,
R para Análisis Científicos Reproducibles,r-para-anlisis-cientficos-reproducibles,es,https://swcarpentry.github.io/r-novice-gapminder-es,software-carpentry,
R Foundation,r-foundation,en,https://www.r-project.org/foundation/,,
R for Reproducible Scientific Analysis,r-for-reproducible-scientific-analysis,en,https://swcarpentry.github.io/r-novice-gapminder,software-carpentry,
Python Software Foundation,python-software-foundation,en,https://www.python.org/psf-landing/,,
Python Progression: Moving Beyond the Basics,python-progression-moving-beyond-the-basics,en,https://coderefinery.github.io/python-progression/,coderefinery,
pyOpenSci packages,pyopensci-packages,en,https://www.pyopensci.org/python-package-guide/index.html,pyopensci,
PTP Public Speaking courses,ptp-public-speaking-courses,en,https://www.ptp.co.uk/training-courses/personal-development-training/public-speaking/,ptp,
Project Organization and Management for Genomics,project-organization-and-management-for-genomics,en,https://datacarpentry.github.io/organization-genomics,data-carpentry,
Project Documentation - The Turing Way,project-documentation-the-turing-way,en,https://book.the-turing-way.org/reproducible-research/code-documentation/code-documentation-project,the-turing-way,
Programming with R,programming-with-r,en,https://swcarpentry.github.io/r-novice-inflammation/,software-carpentry,
Programming with Python,programming-with-python,en,https://swcarpentry.github.io/python-novice-inflammation,software-carpentry,
Programming with MATLAB,programming-with-matlab,en,https://swcarpentry.github.io/matlab-novice-inflammation,software-carpentry,
Presenting Posters and Conference Talks - The Turing Way,presenting-posters-and-conference-talks-the-turing-way,en,https://book.the-turing-way.org/communication/presentations,the-turing-way,
Plotting and Programming in Python,plotting-and-programming-in-python,en,https://swcarpentry.github.io/python-novice-gapminder/,software-carpentry,
Parallelization and workflows,parallelization-and-workflows,en,https://coderefinery.github.io/TTT4HPC_parallel_workflows/,coderefinery,
Parallel scaling guide,parallel-scaling-guide,en,https://rc-docs.mines.edu/pages/user_guides/Parallel_Scaling_Guide.html,,
Parallel and High Performance Computing ,parallel-and-high-performance-computing,en,https://www.manning.com/books/parallel-and-high-performance-computing,,
Outlining the structure of your open source software project,outlining-the-structure-of-your-open-source-software-project,en,https://www.cncf.io/blog/2023/04/03/outlining-the-structure-of-your-open-source-software-project/,,
other community management programs,other-community-management-programs,en,https://www.google.com/search?q=research+community+management+programmes+near+me,,
Optimize Athena performance,optimize-athena-performance,en,https://docs.aws.amazon.com/athena/latest/ug/performance-tuning.html,aws,
OpenRefine,openrefine,en,https://librarycarpentry.github.io/lc-open-refine/,library-carpentry,
Open Source Software (OSS) foundations,open-source-software-oss-foundations,en,https://som-research.github.io/OSSFoundations/#/,,
Open source project culture and practices,open-source-project-culture-and-practices,en,https://www.redhat.com/en/blog/open-source-culture-9-core-principles-and-values,redhat,
OLS Lesson,ols-lesson,en,https://we-are-ols.org/open-science-training.html,ols,
Often offered by university libraries,often-offered-by-university-libraries,en,https://www.google.com/search?q=university+library+courses+near+me,,
NVIDIA Deep Learning Institute,nvidia-deep-learning-institute,en,https://www.nvidia.com/en-us/training/,nvidia,
Modular code development type-along,modular-code-development-type-along,en,https://coderefinery.github.io/modular-type-along/,coderefinery,
Modular code development,modular-code-development,en,http://cicero.xyz/v3/remark/0.14.0/github.com/coderefinery/modular-code-development/master/talk.md,coderefinery,
Model Cards for Model Reporting,model-cards-for-model-reporting,en,https://arxiv.org/pdf/1810.03993,mitchel-m-et-al,
"Mixed Martial Arts: Interfacing Fortran, C, C++, and Python",mixed-martial-arts-interfacing-fortran-c-c-plus-plus-and-python,en,https://coderefinery.github.io/mma/,coderefinery,
Missions: A Beginner's guide,missions-a-beginners-guide,en,https://www.ucl.ac.uk/bartlett/sites/bartlett/files/iipp_policy_brief_09_missions_a_beginners_guide.pdf,,
Mini toolkit - code review anxiety workbook,mini-toolkit-code-review-anxiety-workbook,en,https://developer-success-lab.gitbook.io/code-review-anxiety-workbook-1/part-three-mini-code-review-anxiety-toolkit/mini-toolkit,code-review-anxiety-workbook,
MetaDocencia builds its governance collaboratively,metadocencia-builds-its-governance-collaboratively,es,https://www.metadocencia.org/post/gobernanza-colaborativa/,metadocencia,
"Mental Health, Free courses - Open University",mental-health-free-courses-open-university,en,https://www.open.edu/openlearn/body-mind/all-content?filter=date/grid/201/freecourses/all/all/all/all,open-university,
Linux Foundation,linux-foundation,en,https://training.linuxfoundation.org/resources/free-courses/,,
Licensing - The Turing Way,licensing-the-turing-way,en,https://book.the-turing-way.org/reproducible-research/licensing,the-turing-way,
Library Carpentry: Introduction to Regular Expressions,library-carpentry-introduction-to-regular-expressions,en,https://librarycarpentry.github.io/lc-data-intro/01-regular-expressions.html,library-carpentry,
Library Carpentry - Data Cleaning,library-carpentry-data-cleaning,en,https://librarycarpentry.github.io/lc-open-refine/,library-carpentry,
Leadership and followership,leadership-and-followership,en,https://www.open.edu/openlearn/education-development/learning/leadership-and-followership/content-section-overview?active-tab=description-tab,open-university,
La Terminal de Unix,la-terminal-de-unix,es,https://swcarpentry.github.io/shell-novice-es,software-carpentry,
Know your legal and ethical responsibilities,know-your-legal-and-ethical-responsibilities,en,https://www.uwe.ac.uk/study/library/research-support/manage-your-research-data/planning-your-project/know-your-legal-and-ethical-responsibilities,uwe-bristol,
Kaggle - Data Cleaning,kaggle-data-cleaning,en,https://www.kaggle.com/learn/data-cleaning,kaggle,
Jupyter Project,jupyter-project,en,https://jupyter.org/,,
Jupyter notebooks,jupyter-notebooks,en,https://coderefinery.github.io/jupyter,coderefinery,
Introduction to Working with Data (Regular Expressions),introduction-to-working-with-data-regular-expressions,en,https://librarycarpentry.github.io/lc-data-intro/,library-carpentry,
Introduction to Web Accessibility,introduction-to-web-accessibility,en,https://www.w3.org/WAI/fundamentals/accessibility-intro/,w3c,
Introduction to version control,introduction-to-version-control,en,https://coderefinery.github.io/git-intro/,coderefinery,
Introduction to the Command Line for Genomics,introduction-to-the-command-line-for-genomics,en,https://datacarpentry.github.io/shell-genomics/,data-carpentry,
Introduction to R for Librarians,introduction-to-r-for-librarians,en,https://librarycarpentry.github.io/lc-r/,library-carpentry,
Introduction to R for Geospatial Data,introduction-to-r-for-geospatial-data,en,https://datacarpentry.github.io/r-intro-geospatial,data-carpentry,
Introduction to Python for Librarians,introduction-to-python-for-librarians,en,https://librarycarpentry.github.io/lc-python-intro/,library-carpentry,
Introduction to parallel programming by the Carpentries,introduction-to-parallel-programming-by-the-carpentries,en,https://carpentries-incubator.github.io/lesson-parallel-python/introduction.html,the-carpentries,
Introduction to Parallel Computing,introduction-to-parallel-computing,en,https://dehesa.unex.es/server/api/core/bitstreams/c697d0af-8091-47a3-92fe-9ddd7233f9ff/content,,
Introduction to Machine Learning with Scikit Learn,introduction-to-machine-learning-with-scikit-learn,en,https://carpentries-incubator.github.io/machine-learning-novice-sklearn/,the-carpentries,
Introduction to good practices in research software development by the Carpentries,introduction-to-good-practices-in-research-software-development-by-the-carpentries,en,https://carpentries-incubator.github.io/good-practices-lesson/instructor/index.html,the-carpentries,
Introduction to Git,introduction-to-git,en,https://librarycarpentry.github.io/lc-git/,library-carpentry,
Introduction to Geospatial Raster and Vector Data with R,introduction-to-geospatial-raster-and-vector-data-with-r,en,https://datacarpentry.github.io/r-raster-vector-geospatial,data-carpentry,
Introduction to Geospatial Concepts,introduction-to-geospatial-concepts,en,https://datacarpentry.github.io/organization-geospatial/,data-carpentry,
Introduction to deep learning by The Carpentries,introduction-to-deep-learning-by-the-carpentries,en,https://carpentries-lab.github.io/deep-learning-intro/,the-carpentries,
Introduction to Data for Archivists,introduction-to-data-for-archivists,en,https://librarycarpentry.github.io/lc-data-intro-archives/,library-carpentry,
Introduction to Cloud Computing for Genomics,introduction-to-cloud-computing-for-genomics,en,https://datacarpentry.github.io/cloud-genomics,data-carpentry,
Introducing Computational Thinking ,introducing-computational-thinking,en,https://librarycarpentry.github.io/lc-computational-thinking/,library-carpentry,
Intro to R and RStudio for Genomics,intro-to-r-and-rstudio-for-genomics,en,https://datacarpentry.github.io/genomics-r-intro/,data-carpentry,
Interviews with end-users of the software,interviews-with-end-users-of-the-software,en,https://www.nngroup.com/articles/user-interviews/,nngroup,
Intermediate Research Software Development Skills (Python),intermediate-research-software-development-skills-python,en,https://carpentries-incubator.github.io/python-intermediate-development/,software-carpentry,
"Improv, yes-and exercise",improv-yes-and-exercise,en,https://www.radicalagreement.com/post/yes-and-and-improv-teamwork,,
Image Processing with Python,image-processing-with-python,en,https://datacarpentry.github.io/image-processing/,data-carpentry,
"HPC Resources: RAM, CPUs/GPUs, I/O",hpc-resources-ram-cpusgpus-io,en,https://coderefinery.github.io/TTT4HPC_resource_management/,coderefinery,
How to write a good application,how-to-write-a-good-application,en,https://www.ukri.org/councils/esrc/guidance-for-applicants/how-to-write-a-good-application/,economic-and-social-research-council-esrc,
How to start a nonprofit organisation in the UK,how-to-start-a-nonprofit-organisation-in-the-uk,en,https://uk.indeed.com/career-advice/starting-new-job/non-profit-organisation-uk,,
How to say no at work without guilt or conflict,how-to-say-no-at-work-without-guilt-or-conflict,en,https://www.open.edu/openlearn/education-development/how-say-no-work-without-guilt-or-conflict,open-university,
How to make good code reviews better,how-to-make-good-code-reviews-better,en,https://stackoverflow.blog/2019/09/30/how-to-make-good-code-reviews-better/,stack-overflow,
How to document your research software,how-to-document-your-research-software,en,https://coderefinery.github.io/documentation/,coderefinery,
How to build a skills-based organisation in 5 steps,how-to-build-a-skills-based-organisation-in-5-steps,en,https://www.muchskills.com/blog/mastering-the-skill-revolution-a-guide-to-becoming-a-skills-based-organisation-in-5-steps,,
"Harvard Business Review Project Management Handbook: How to Launch, Lead, and Sponsor Successful Projects",harvard-business-review-project-management-handbook-how-to-launch-lead-and-sponsor-successful-projects,en,https://www.amazon.co.uk/Harvard-Business-Project-Management-Handbook/dp/1647821266,hbr-handbooks,
Handling conflict,handling-conflict,en,https://third-bit.com/py-rse/teams.html#teams-conflict,research-software-engineering-with-python-irving-et-al,
Governance in The Turing Way,governance-in-the-turing-way,en,https://book.the-turing-way.org/foreword/governance,the-turing-way,
Google Machine Learning Crash Course,google-machine-learning-crash-course,en,https://developers.google.com/machine-learning/crash-course,,
GitHub's Building Community,githubs-building-community,en,https://opensource.guide/building-community/,open-source-guides,
GitHub Documentation,github-documentation,en,https://docs.github.com/en,github,
Git branch design,git-branch-design,en,https://coderefinery.github.io/git-branch-design/,coderefinery,
GAN Implementation in PyTorch,gan-implementation-in-pytorch,en,https://www.baeldung.com/cs/pytorch-generative-adversarial-networks,,
Galaxy Project,galaxy-project,en,https://galaxyproject.org/,,
"Futures, Foresight and Horizon scanning",futures-foresight-and-horizon-scanning,en,https://foresightprojects.blog.gov.uk/2018/11/01/futures-foresight-and-horizon-scanning-finding-a-way-forward/,uk-government,
Funding higher education in Wales,funding-higher-education-in-wales,en|cy,https://www.medr.cymru/en/funding-for-providers/,,
Funding higher education in Scotland,funding-higher-education-in-scotland,en|gd,https://www.sfc.ac.uk/our-funding/university-funding/,,
Funding higher education in Northern Ireland,funding-higher-education-in-northern-ireland,en,https://www.economy-ni.gov.uk/articles/higher-education-quality-related-research-qr-funding,,
Funding higher education in England,funding-higher-education-in-england,en,https://www.ukri.org/publications/research-england-how-we-fund-higher-education-providers/how-we-fund-higher-education-providers/,,
Foundations of Astronomical Data Science,foundations-of-astronomical-data-science,en,https://datacarpentry.github.io/astronomy-python/,data-carpentry,
Five things you need to know about research data management and the law,five-things-you-need-to-know-about-research-data-management-and-the-law,en,https://www.dcc.ac.uk/sites/default/files/documents/publications/3amendedFive%20things.....%20(8-Page).pdf,dcc,
Finding Your Way To R For Data Science,finding-your-way-to-r-for-data-science,en,https://education.rstudio.com/learn/,rstudio,
Exploring career mentoring and coaching,exploring-career-mentoring-and-coaching,en,https://www.open.edu/openlearn/money-business/exploring-career-mentoring-and-coaching/content-section-overview?active-tab=description-tab,open-university,
Everything you wanted to know about applying for grants but didn't ask,everything-you-wanted-to-know-about-applying-for-grants-but-didnt-ask,en|es,https://github.com/MetaDocencia/AccesoFinanciacion/blob/main/hidden-curriculum.md,metadocencia,
Event Organisation Guide,event-organisation-guide,en,https://event-organisation-guide.readthedocs.io/en/latest/index.html,institute-for-research-software,
Ethics and law - The Turing Way,ethics-and-law-the-turing-way,en,https://book.the-turing-way.org/ethical-research/law-policy/law-policy-ethics,the-turing-way,
Ethical and legal issues (University of Oxford),ethical-and-legal-issues-university-of-oxford,en,https://researchdata.ox.ac.uk/ethical-and-legal-issues,research-data-oxford,
Ethical and Legal Issues (University of Liverpool),ethical-and-legal-issues-university-of-liverpool,en,https://www.liverpool.ac.uk/library/research-data-management/essentials/ethical-and-legal/,university-of-liverpool,
Enseñando tecnología en comunidad(Spanish),enseando-tecnologa-en-comunidadspanish,es,https://yabellini.github.io/t3es/,,
El Control de Versiones con Git,el-control-de-versiones-con-git,es,https://swcarpentry.github.io/git-novice-es,software-carpentry,
Effective communication in the workplace,effective-communication-in-the-workplace,en,https://www.open.edu/openlearn/money-business/effective-communication-the-workplace/content-section-overview?active-tab=description-tab,open-university,
Digital Humanities Climate Coalition Toolkit,digital-humanities-climate-coalition-toolkit,en,https://sas-dhrh.github.io/dhcc-toolkit/,digital-humanities-climate-coalition,
Difficult Conversations: How to discuss what matters most,difficult-conversations-how-to-discuss-what-matters-most,en,https://www.stoneandheen.com/difficult-conversations,stone-and-heen,
Diataxis Framework,diataxis-framework,en,https://diataxis.fr/,diataxis,
Day-to-day working on clusters,day-to-day-working-on-clusters,en,https://coderefinery.github.io/TTT4HPC_Interactive/,coderefinery,
Datasheets for Datasets,datasheets-for-datasets,en,http://dx.doi.org/10.1145/3458723,acm-digital-library,
Databases and SQL by The Carpentries,databases-and-sql-by-the-carpentries,en,https://swcarpentry.github.io/sql-novice-survey/,the-carpentries,
Data Wrangling and Processing for Genomics,data-wrangling-and-processing-for-genomics,en,https://datacarpentry.github.io/wrangling-genomics/,data-carpentry,
Data Wranglers: Overview - The Turing Way,data-wranglers-overview-the-turing-way,en,https://book.the-turing-way.org/collaboration/research-infrastructure-roles/data-wrangler,the-turing-way,
Data visualization using Python,data-visualization-using-python,en,https://coderefinery.github.io/data-visualization-python/,coderefinery,
Data Visualisation - The Turing Way,data-visualisation-the-turing-way,en,https://book.the-turing-way.org/reproducible-research/rdm/rdm-visualisation/,the-turing-way,
Data Organization in Spreadsheets for Social Scientists,data-organization-in-spreadsheets-for-social-scientists,en,https://datacarpentry.github.io/spreadsheets-socialsci/,data-carpentry,
Data Organization in Spreadsheets for Ecologists,data-organization-in-spreadsheets-for-ecologists,en,https://datacarpentry.github.io/spreadsheet-ecology-lesson/,data-carpentry,
Data Organisation in Spreadsheets - The Turing Way,data-organisation-in-spreadsheets-the-turing-way,en,https://book.the-turing-way.org/reproducible-research/rdm/rdm-spreadsheets,the-turing-way,
Data Management with SQL for Social Scientists,data-management-with-sql-for-social-scientists,en,https://datacarpentry.github.io/sql-socialsci/,data-carpentry,
Data Management with SQL for Ecologists,data-management-with-sql-for-ecologists,en,https://datacarpentry.github.io/sql-ecology-lesson/,data-carpentry,
Data Management Plans - DCC,data-management-plans-dcc,en,https://www.dcc.ac.uk/resources/data-management-plans,dcc,
Data Management Plan - The Turing Way,data-management-plan-the-turing-way,en,https://book.the-turing-way.org/reproducible-research/rdm/rdm-dmp,the-turing-way,
Data Cleaning with OpenRefine for Social Scientists,data-cleaning-with-openrefine-for-social-scientists,en,https://datacarpentry.github.io/openrefine-socialsci/,data-carpentry,
Data Cleaning with OpenRefine for Ecologists,data-cleaning-with-openrefine-for-ecologists,en,https://datacarpentry.github.io/OpenRefine-ecology-lesson/,data-carpentry,
Data Carpentry - Data Cleaning,data-carpentry-data-cleaning,en,https://datacarpentry.github.io/OpenRefine-ecology-lesson/,data-carpentry,
Data Analysis and Visualization with R for Social Scientists,data-analysis-and-visualization-with-r-for-social-scientists,en,https://datacarpentry.github.io/r-socialsci/,data-carpentry,
Data Analysis and Visualization with Python for Social Scientists,data-analysis-and-visualization-with-python-for-social-scientists,en,https://datacarpentry.github.io/python-socialsci/,data-carpentry,
Data Analysis and Visualization in R for Ecologists,data-analysis-and-visualization-in-r-for-ecologists,en,https://datacarpentry.github.io/R-ecology-lesson/,data-carpentry,
Data Analysis and Visualization in Python for Ecologists,data-analysis-and-visualization-in-python-for-ecologists,en,https://datacarpentry.github.io/python-ecology-lesson/,data-carpentry,
CSCCE's project management for STEM professionals,cscces-project-management-for-stem-professionals,en,https://www.cscce.org/trainings/project-management-for-scientists/,cscce-center-for-scientific-collaboration-and-community-engagement,
CSCCE's guide on how to steward large-scale collaborations,cscces-guide-on-how-to-steward-large-scale-collaborations,en,https://www.cscce.org/trainings/cscce-mini-workshops/,cscce-center-for-scientific-collaboration-and-community-engagement,
CSCCE mini-workshop on the topic of Giving and receiving feedback,cscce-mini-workshop-on-the-topic-of-giving-and-receiving-feedback,en,https://www.cscce.org/trainings/cscce-mini-workshops/,cscce-center-for-scientific-collaboration-and-community-engagement,
CSCCE,cscce,en,https://www.cscce.org/,cscce-center-for-scientific-collaboration-and-community-engagement,
Continuous integration - The Turing Way,continuous-integration-the-turing-way,en,https://book.the-turing-way.org/reproducible-research/ci,the-turing-way,
Containers on clusters,containers-on-clusters,en,https://coderefinery.github.io/hpc-containers/,coderefinery,
Community Participation Model - CSCCE,community-participation-model-cscce,en,https://www.cscce.org/resources/cpm/,cscce-center-for-scientific-collaboration-and-community-engagement,
Community governance resources,community-governance-resources,en,https://docs.google.com/spreadsheets/d/1k8t1VPdcwKH7ZGaCA0q8NNxbFKQKkZGPth3nhfkKwAA/edit?gid=1287139202#gid=1287139202,cscce-center-for-scientific-collaboration-and-community-engagement,
Community and Community Roles - The Turing Way,community-and-community-roles-the-turing-way,en,https://book.the-turing-way.org/foreword/community/,the-turing-way,
Collaborative version control with Git and GitHub by the Carpentries,collaborative-version-control-with-git-and-github-by-the-carpentries,en,https://carpentries-incubator.github.io/collaborative-git-and-github-lesson/,the-carpentries,
Collaborative distributed version control,collaborative-distributed-version-control,en,https://coderefinery.github.io/git-collaborative/,coderefinery,
Collaborating and sharing using GitHub without command line,collaborating-and-sharing-using-github-without-command-line,en,https://coderefinery.github.io/github-without-command-line/,coderefinery,
Code Testing - The Turing Way,code-testing-the-turing-way,en,https://book.the-turing-way.org/reproducible-research/testing,the-turing-way,
Code Styling and Linting - The Turing Way,code-styling-and-linting-the-turing-way,en,https://book.the-turing-way.org/project-design/code-styling,the-turing-way,
CMake workshop (based on ENCCS version),cmake-workshop-based-on-enccs-version,en,https://coderefinery.github.io/cmake-workshop/,coderefinery,
Cloud Native Glossary,cloud-native-glossary,en,https://glossary.cncf.io/data-center/,cloud-native,
Choose an open source license,choose-an-open-source-license,en,https://choosealicense.com/,choose-an-open-source-license,
CHAOSS community metrics,chaoss-community-metrics,en,https://chaoss.community/metrics/,chaoss,
Carpentries Instructor Training,carpentries-instructor-training,en,https://carpentries.org/instructor-training/,the-carpentries,
Carpentries courses,carpentries-courses,en|es,https://carpentries.org/workshops/upcoming-workshops/,the-carpentries,
Carpentries Collaborative Lesson Development Training,carpentries-collaborative-lesson-development-training,en,https://carpentries.github.io/lesson-development-training/,the-carpentries,
Building Better Research Software,building-better-research-software,en,https://carpentries-incubator.github.io/better-research-software/,software-carpentry,
Budget allocations for UK Research and Innovation,budget-allocations-for-uk-research-and-innovation,en,https://www.ukri.org/publications/explainer-ukri-budget-allocations/budget-allocations-for-uk-research-and-innovation/,,
Bringing up problems at work (without making things worse),bringing-up-problems-at-work-without-making-things-worse,en,https://www.open.edu/openlearn/education-development/bringing-problems-work-without-making-things-worse,open-university,
Automation and Make,automation-and-make,en,https://swcarpentry.github.io/make-novice,software-carpentry,
Automated testing,automated-testing,en,https://coderefinery.github.io/testing/,coderefinery,
Assessing the health of open source communities,assessing-the-health-of-open-source-communities,en,https://james.howison.name/pubs/CrowstonHowison-AssessingHealth.pdf,,
Apache Software Foundation,apache-software-foundation,en,https://www.apache.org/,,
Análisis y visualización de datos usando Python,anlisis-y-visualizacin-de-datos-usando-python,es,https://datacarpentry.github.io/python-ecology-lesson-es/,data-carpentry,
An R reproducibility toolkit for the practical researcher,an-r-reproducibility-toolkit-for-the-practical-researcher,en,https://reproducibility.rocks/,reproducibility-rocks,
Ally Skills Training,ally-skills-training,en,https://www.open.edu/openlearn/money-business/diversity-and-inclusion-the-workplace/content-section-overview?active-tab=description-tab,open-university,
Accelerator and GPU programming,accelerator-and-gpu-programming,en,https://medium.com/@mahdiall99/gpu-programming-a-brief-introduction-1150f8a53f15,,
academic writing workshops/courses,academic-writing-workshopscourses,en,https://www.google.com/search?q=academic+writing+workshops+courses+near+me,,
A guide to using virtual events to facilitate community building: Selecting and testing online tools,a-guide-to-using-virtual-events-to-facilitate-community-building-selecting-and-testing-online-tools,en,https://zenodo.org/records/4521211,cscce-center-for-scientific-collaboration-and-community-engagement,
3 metrics to measure your open source community health,3-metrics-to-measure-your-open-source-community-health,en,https://opensource.com/article/20/3/community-metrics,opensource-com,
10 ways to be respectful,10-ways-to-be-respectful,en,https://www.uwl.ac.uk/student-life/building-uwl-community/10-ways-be-respectful,university-of-west-london,
10 simple rules for writing '10 Simple Rules' papers,10-simple-rules-for-writing-10-simple-rules-papers,en,https://scientistseessquirrel.wordpress.com/2023/10/31/10-simple-rules-for-writing-10-simple-rules-papers/,scientist-sees-squirrel,
Reproducible computational environment with Docker,reproducible-computational-environment-with-docker,en,https://reproducibility.rocks/materials/day4/01-docker/,reproducibility-rocks,
